run_ts,dataset,check_name,dimension,failed,total,pass_pct
2026-10-07 12:38:40.855892,clean,date_in_range,Timeliness,0,1566139,100.0
2026-10-07 12:38:40.855892,clean,status_allowed,Consistency,0,1566139,100.0
2026-10-07 12:38:40.855892,clean,country_allowed,Consistency,0,1566139,100.0
2026-10-07 12:38:40.855892,clean,amount_non_neg,Validity,0,1566139,100.0
2026-10-07 12:38:40.855892,clean,age_in_18_100,Validity,0,1566139,100.0
2026-10-07 12:38:40.855892,clean,email_format,Validity,0,1566139,100.0
2026-10-07 12:38:40.855892,clean,order_id_unique,Uniqueness,0,1566139,100.0
2026-10-07 12:38:40.855892,clean,customer_not_null,Completeness,0,1566139,100.0
2026-10-07 12:38:40.855892,clean,email_not_null,Completeness,0,1566139,100.0
2026-10-07 12:38:34.051836,raw,date_in_range,Timeliness,20374,2020000,98.99138613861386
2026-10-07 12:38:34.051836,raw,status_allowed,Consistency,40246,2020000,98.00762376237624
2026-10-07 12:38:34.051836,raw,country_allowed,Consistency,40574,2020000,97.99138613861386
2026-10-07 12:38:34.051836,raw,amount_non_neg,Validity,40663,2020000,97.98698019801981
2026-10-07 12:38:34.051836,raw,age_in_18_100,Validity,80365,2020000,96.02153465346535
2026-10-07 12:38:34.051836,raw,email_format,Validity,96393,2020000,95.22806930693069
2026-10-07 12:38:34.051836,raw,order_id_unique,Uniqueness,20000,2020000,99.00990099009901
2026-10-07 12:38:34.051836,raw,customer_not_null,Completeness,60503,2020000,97.00480198019802
2026-10-07 12:38:34.051836,raw,email_not_null,Completeness,100916,2020000,95.00415841584159
2026-10-06 22:23:58.353722,clean,email_not_null,Completeness,0,1566139,100.0
2026-10-06 22:23:58.353722,clean,customer_not_null,Completeness,0,1566139,100.0
2026-10-06 22:23:58.353722,clean,date_in_range,Timeliness,0,1566139,100.0
2026-10-06 22:23:58.353722,clean,status_allowed,Consistency,0,1566139,100.0
2026-10-06 22:23:58.353722,clean,country_allowed,Consistency,0,1566139,100.0
2026-10-06 22:23:58.353722,clean,amount_non_neg,Validity,0,1566139,100.0
2026-10-06 22:23:58.353722,clean,age_in_18_100,Validity,0,1566139,100.0
2026-10-06 22:23:58.353722,clean,email_format,Validity,0,1566139,100.0
2026-10-06 22:23:58.353722,clean,order_id_unique,Uniqueness,0,1566139,100.0
2026-10-06 22:23:53.229886,raw,customer_not_null,Completeness,60503,2020000,97.00480198019802
2026-10-06 22:23:53.229886,raw,date_in_range,Timeliness,20374,2020000,98.99138613861386
2026-10-06 22:23:53.229886,raw,status_allowed,Consistency,40246,2020000,98.00762376237624
2026-10-06 22:23:53.229886,raw,country_allowed,Consistency,40574,2020000,97.99138613861386
2026-10-06 22:23:53.229886,raw,amount_non_neg,Validity,40663,2020000,97.98698019801981
2026-10-06 22:23:53.229886,raw,age_in_18_100,Validity,80365,2020000,96.02153465346535
2026-10-06 22:23:53.229886,raw,email_format,Validity,96393,2020000,95.22806930693069
2026-10-06 22:23:53.229886,raw,order_id_unique,Uniqueness,20000,2020000,99.00990099009901
2026-10-06 22:23:53.229886,raw,email_not_null,Completeness,100916,2020000,95.00415841584159
2026-10-06 22:20:03.758251,clean,date_in_range,Timeliness,0,1566139,100.0
2026-10-06 22:20:03.753453,clean,status_allowed,Consistency,0,1566139,100.0
2026-10-06 22:20:03.713589,clean,country_allowed,Consistency,0,1566139,100.0
2026-10-06 22:20:03.658154,clean,amount_non_neg,Validity,0,1566139,100.0
2026-10-06 22:20:03.653387,clean,age_in_18_100,Validity,0,1566139,100.0
2026-10-06 22:20:03.641659,clean,email_format,Validity,0,1566139,100.0
2026-10-06 22:20:03.477601,clean,order_id_unique,Uniqueness,0,1566139,100.0
2026-10-06 22:20:03.372294,clean,customer_not_null,Completeness,0,1566139,100.0
2026-10-06 22:20:03.367024,clean,email_not_null,Completeness,0,1566139,100.0
2026-10-06 22:19:59.964945,raw,date_in_range,Timeliness,20374,2020000,98.99138613861386
2026-10-06 22:19:59.944718,raw,status_allowed,Consistency,40246,2020000,98.00762376237624
2026-10-06 22:19:59.867538,raw,country_allowed,Consistency,40574,2020000,97.99138613861386
2026-10-06 22:19:59.782121,raw,amount_non_neg,Validity,40663,2020000,97.98698019801981
2026-10-06 22:19:59.762133,raw,age_in_18_100,Validity,80365,2020000,96.02153465346535
2026-10-06 22:19:59.731881,raw,email_format,Validity,96393,2020000,95.22806930693069
2026-10-06 22:19:59.545798,raw,order_id_unique,Uniqueness,20000,2020000,99.00990099009901
2026-10-06 22:19:59.400238,raw,customer_not_null,Completeness,60503,2020000,97.00480198019802
2026-10-06 22:19:59.374346,raw,email_not_null,Completeness,100916,2020000,95.00415841584159
